{
  "heroData": {
    "title": "End-to-End Digital Learning Solutions",
    "subTitle": "From custom content creation to LMS integration and analytics",
    "ctaText": "Explore Our Services",
    "ctaLink": "digital-learning-solutions",
    "linkIcon": "material-symbols:arrow-forward",
    "backgroundImage": "/path/to/your/image.jpg",
    "stats": [
      {
        "number": "89%",
        "text": "Return On Investment"
      },
      {
        "number": "73%",
        "text": "Efficiency Boost"
      },
      {
        "number": "25%",
        "text": "Cost Reduction"
      }
    ]
  },
  "technologyServicesData": {
    "title": "Our Digital Learning Services",
    "description": "Explore a full spectrum of technology services crafted to drive innovation & operational excellence.",
    "cards": [
      {
        "id": 1,
        "title": "Content Design & Development",
        "number": "01",
        "image": "/digital-learning/service/1.webp",
        "description": "Transforming learning experiences through expert content design, development, & talent resources",
        "list": [
          { "text": "Custom eLearning modules" },
          { "text": "Microlearning formats" },
          { "text": "Interactive & Immersive Learning" },
          { "text": "Learning Gamification" }
        ],
        "ctaText": "Learn More",
        "ctaLink": "/digital-learning/content-design"
      },
      {
        "id": 2,
        "title": "Learning Management System (LMS)",
        "number": "02",
        "image": "/digital-learning/service/2.webp",
        "description": "A fully customizable learning platform that adapts to your organization’s needs.",
        "ctaText": "Learn More",
        "list": [
          { "text": "Homegrown LMS" },
          { "text": "System Integration" },
          { "text": "Content Management" },
          { "text": "Platform Administration" }
        ],
        "ctaLink": "/digital-learning/lms-implementation"
      },
      {
        "id": 3,
        "title": "Learning Analytics & Optimization",
        "number": "03",
        "image": "/digital-learning/service/3.webp",
        "description": "Make data-driven decisions to enhance learner success through actionable insights & personalized experiences",
        "list": [
          { "text": "Learning Data Management" },
          { "text": "Custom Dashboards" },
          { "text": "AI Based Learning" },
          { "text": "Performance Measurement" }
        ],
        "ctaText": "Learn More",
        "ctaLink": "/digital-learning/analytics"
      }
    ]
  },
  "methodologyData": {
    "title": "Our Proven Methodology",
    "subTitle": "We combine cutting-edge tech with business acumen to build AI-powered business solutions that perform.",
    "list": [
      {
        "title": "Content Creation",
        "description": "Built by pools of SMEs and a network of industry veterans for highly practiced, learner-centric content.",
        "tags": ["Highly practiced content", "Learner-centric approach"]
      },
      {
        "title": "Digitization",
        "description": "Powered by AR/VR, eLearnings, videos, and gamification using AI, animations, and accessibility tools.",
        "tags": [
          "Immersive Technologies (AR/VR/Metaverse)",
          "eLearning",
          "Videos",
          "Gamification"
        ]
      },
      {
        "title": "Localization",
        "description": "Localized by expert translators and voice artists across European, Middle Eastern, and Asian languages.",
        "tags": ["Usage of automation tools", "Excellent dubbing capabilities"]
      },
      {
        "title": "Deployment",
        "description": "Delivered through Customer LMS, K-nest LMS, and XR device solutions with flexible licensing.",
        "tags": ["Flexibility", "Simple, elegant, easy-to-use LMS"]
      },
      {
        "title": "Evaluation",
        "description": "Driven by course feedback, business impact, and user surveys using a proven evaluation framework.",
        "tags": ["Proven evaluation framework"]
      }
    ]
  },
  "successStoriesData": {
    "title": "Entertainment Services Success Stories",
    "tag": "Technology Solutions",
    "description": "Real-world examples highlight the impact of our entertainment production services. Explore case studies that showcase how we elevate storytelling, enhance visual experiences, and drive engagement across entertainment platforms.",
    "cards": [
      {
        "title": "One-Hour Podcast into a Visual Experience",
        "stats": [
          {
            "title": "+100%",
            "subTitle": "Improved Video Clarity"
          },
          {
            "title": "30–sec",
            "subTitle": "Hook Developed Proactively"
          }
        ],
        "description": "We enhanced a raw one-hour podcast with AI-driven upgrades, adding dynamic visuals and a motion graphics hook to elevate the content, making it more engaging and visually compelling.",
        "link": "Read Full CaseStudy"
      }
    ]
  }
}
