{
  "hero": {
    "title": "Digital Twins & Simulations",
    "subTitle": "Create virtual simulations of your physical assets, processes, or systems as digital replicas. Unlock real-time insights, optimize performance, reduce downtime, predict maintenance needs, & drive proactive innovation.",
    "ctaText": "Explore Our Scope of Services",
    "ctaLink": "digital-twin-offerings",
    "bgImage": null,
    "stats": [
      {
        "number": "20%",
        "text": "Extension in Asset Lifecycle"
      },
      {
        "number": "30%",
        "text": "Reduced Downtime"
      }
    ]
  },
  "advantages": {
    "title": "Advantages",
    "list": [
      {
        "title": "Real-Time Monitoring",
        "description": "Provides up-to-date data & insights about assets, systems, or processes, allowing for better decision-making."
      },
      {
        "title": "Predictive Maintenance",
        "description": "Identifies potential failures or maintenance needs before they occur, reducing unplanned downtime & repair costs."
      },
      {
        "title": "Performance Optimization",
        "description": "Helps optimize operations & resource usage by simulating different scenarios & identifying the most efficient strategies."
      },
      {
        "title": "Cost Savings",
        "description": "Reduces expenses related to maintenance, energy consumption, & operational inefficiencies"
      },
      {
        "title": "Enhanced Product Development",
        "description": "Allows testing & validating new designs or processes virtually before physical implementation, speeding up innovation & reducing risks."
      },
      {
        "title": "Remote Monitoring & Control",
        "description": "Enables operators to monitor & manage physical systems from anywhere, improving flexibility & responsiveness."
      },
      {
        "title": "Increased Safety",
        "description": "Identifies & mitigates potential safety risks by simulating hazardous scenarios in a virtual environment"
      },
      {
        "title": "Improved Collaboration",
        "description": "Facilitates better communication & collaboration among teams by providing a shared, up-to-date digital representation of assets & processes."
      },
      {
        "title": "Sustainability",
        "description": "Supports environmental goals by optimizing resource usage & reducing waste"
      },
      {
        "title": "Historical Analysis",
        "description": "Maintains a complete digital record of an asset’s lifecycle, useful for compliance, audits, & continuous improvement."
      }
    ]
  },
  "offering": {
    "title": "Our Digital Twin Offerings",
    "subTitle": "From initial concept to real-world impact, we help you harness Digital Twin technology to drive efficiency, resilience, & innovation",
    "ctaCard": {
      "title": "Get expert guidance tailored to your goals.",
      "ctaText": "Talk to our Digital Avatars",
      "ctaLink": "/company/digital-twin"
    },
    "cards": [
      {
        "title": "Consulting & Strategy",
        "description": "Foundations for impactful and scalable digital twin adoption",
        "hoverContent": [
          { "text": "Digital Twin Readiness Assessment" },
          { "text": "Business Case Development" },
          { "text": "Roadmap Creation" }
        ]
      },
      {
        "title": "Design & Architecture",
        "description": "Blueprints for connected, scalable twin systems",
        "hoverContent": [
          { "text": "Solution Architecture" },
          { "text": "Modeling & Simulation Design" },
          { "text": "Data Strategy" }
        ]
      },
      {
        "title": "Data Integration & IoT Connectivity",
        "description": "Seamless integration for real-time digital twin connectivity",
        "hoverContent": [
          { "text": "Sensor & Device Integration" },
          { "text": "Legacy System Integration" },
          { "text": "Cloud & Edge Connectivity" }
        ]
      },
      {
        "title": "Development & Implementation",
        "description": "Smart development, Immersive interfaces for virtual precision",
        "hoverContent": [
          { "text": "Digital Twin Model Development" },
          { "text": "User Interface & Visualization" },
          { "text": "Simulation & Analytics" }
        ]
      },
      {
        "title": "Deployment & Integration",
        "description": "Reliable deployments ensuring enterprise-wide twin integration",
        "hoverContent": [
          { "text": "Solution Deployment" },
          { "text": "System Integration" },
          { "text": "Security & Compliance" }
        ]
      },
      {
        "title": "Monitoring & Maintenance",
        "description": "Continuous monitoring, improvements for reliable twin performance",
        "hoverContent": [
          { "text": "24/7 Monitoring" },
          { "text": "Performance Optimization" },
          { "text": "Support & Troubleshooting" }
        ]
      },
      {
        "title": "Training & Change Management",
        "description": "Empowering users, organizations for successful twin transformation",
        "hoverContent": [
          { "text": "User Training" },
          { "text": "Change Management" },
          { "text": "Documentation & Knowledge Transfer" }
        ]
      },
      {
        "title": "Continuous Improvement & Innovation",
        "description": "Sustained innovation driving scalable, future-ready solutions",
        "hoverContent": [
          { "text": "Model Refinement" },
          { "text": "Scaling Up" },
          { "text": "Innovation Partnership" }
        ]
      }
    ],
    "list": [
      { "text": "Consulting & Strategy" },
      { "text": "Design & Architecture" },
      { "text": "Data Integration & IoT Connectivity" },
      { "text": "Development & Implementation" },
      { "text": "Deployment & Integration" },
      { "text": "Monitoring & Maintenance" },
      { "text": "Training & Change Management" },
      { "text": "Continuous Improvement & Innovation" }
    ]
  },
  "methodology": {
    "title": "Our Methodology & Technical Architecture",
    "subTitle": "Our Digital Twins solution is built on a robust methodology that ensures seamless integration between physical & digital realms",
    "list": [
      {
        "title": "Data Acquisition",
        "description": "Connect sensors & devices to feed real-time data"
      },
      {
        "title": "Digital Modeling",
        "description": "Create high-fidelity digital replicas of your physical assets, processes."
      },
      {
        "title": "Simulation & Predictive Analytics",
        "description": "Simulate scenarios & forecast outcomes with advanced analytics."
      },
      {
        "title": "Optimization & Feedback",
        "description": "Continuously refine operations based on data-driven insights."
      }
    ]
  },
  "industryExpertise": {
    "title": "Industry-Specific Expertise in Digital Twins",
    "subTitle": "Tailored approaches that address unique challenges in diverse sectors.",
    "cards": [
      {
        "title": "Aerospace & Defense",
        "description": "Optimize maintenance turnaround & reduce testing costs with AI-driven predictive models."
      },
      {
        "title": "Healthcare",
        "description": "From predictive analytics to patient management solutions that enhance outcomes."
      },
      {
        "title": "Smart Cities & Construction",
        "description": "Leverage real-time simulation to reduce project delivery time & energy consumption in construction."
      },
      {
        "title": "Transportation & Logistics",
        "description": "Enhance fleet utilization, improve delivery accuracy, & optimize fuel efficiency with advanced AI solutions."
      },
      {
        "title": "Manufacturing",
        "description": "Leveraging digital twin-driven optimization & predictive maintenance, manufacturing solutions enhance efficiency & reduce downtime."
      },
      {
        "title": "Energy & Utilities",
        "description": "Utilize advanced & actionable predictive analytics to extend equipment lifespan & significantly enhance grid reliability."
      }
    ]
  },
  "successStories": {
    "title": "Use Cases & Success Stories",
    "description": "Discover real-world impact as our immersive solutions transform operations across industries",
    "cards": [
      {
        "title": "Digital Twins",
        "subTitle": "Manufacturing | Major Manufacturing Facility",
        "description": "We created digital clones of Karanji’s CEO and Solution Architect, enabling them to scale their expertise and improve accessibility without compromising on the personal touch.",
        "ctaText": "Read Full CaseStudy",
        "ctaLink": "18",
        "tag": "Technology Solutions",
        "stats": [
          {
            "title": "30%",
            "subTitle": "Freed up Weekly calendar"
          },
          {
            "title": "50%",
            "subTitle": "Reduced Turnaround Time"
          }
        ]
      }
    ]
  }
}
