{
  "heroData": {
    "title": "Event Production & Management",
    "subTitle": "Flawless execution of memorable events from concept to completion",
    "ctaText": "Explore Our Services",
    "ctaLink": "event-service-offerings",
    "backgroundImage": null,
    "stats": [
      {
        "subText": "Virtual & Hybrid Event Expertise"
      },
      {
        "subText": "Scalable for Any Event Size"
      },
      {
        "subText": "Client-Centered Approach"
      }
    ]
  },
  "serviceOverview": {
    "title": "Service overview",
    "subTitle": "Exceptional events powered by expertise & technology",
    "description": "Our event production team delivers immersive experiences that engage audiences & exceed expectations. From internal town halls and brand experiences to large-scale conferences, we provide comprehensive production solutions tailored to your goals.",
    "feature": "With expert coordination, technical reliability, & creative stagecraft, we manage every element of execution—ensuring events are safe, seamless, and memorable at scale or remotely.",
    "images": [
      {
        "src": "/entertainment/event/1 event.webp",
        "alt": "Podcast production setup with microphones and mixer"
      },
      {
        "src": "/entertainment/event/2 event.webp",
        "alt": "Voice-over recording in professional studio"
      },
      {
        "src": "/entertainment/event/3 event.webp",
        "alt": "Sound engineer working with audio mixing software"
      }
    ]
  },
  "serviceOfferingsData": {
    "title": "Our Services Offerings",
    "description": "Create exceptional events powered by technology & expert planning. Our team ensures every critical element runs smoothly while you connect with your audience.",
    "tag": "Event Services",
    "cards": [
      {
        "title": "Live event production & management",
        "subTitle": "",
        "description": "Event management from concept to execution.",
        "featured": true,
        "icon": "/event/icons/production.svg"
      },
      {
        "title": "Event tech & equipment rental",
        "subTitle": "",
        "description": "State-of-the-art technical solutions for any event scale.",
        "featured": false,
        "icon": "/event/icons/tech.svg"
      },
      {
        "title": "Stage design & Production",
        "subTitle": "",
        "description": "Custom environments for presentation & branding.",
        "featured": false,
        "icon": "/event/icons/stage-design.svg"
      },
      {
        "title": "Virtual & hybrid events production",
        "subTitle": "",
        "description": "Seamless experiences for in-person & online attendees.",
        "featured": false,
        "icon": "/event/icons/hybrid.svg"
      }
    ]
  },
  "methodologyData": {
    "title": "Our Production Process",
    "subTitle": "Professional‑grade tools backed by a streamlined workflow. From planning to post‑event review, our process delivers results with clarity & control.",
    "list": [
      {
        "title": "Discovery & Planning",
        "description": "Understanding your goals & creating project plans.",
        "tags": []
      },
      {
        "title": "Technical Design",
        "description": "Custom solutions for your specific requirements.",
        "tags": []
      },
      {
        "title": "Pre‑Production",
        "description": "Scheduling, coordination, & preparation.",
        "tags": []
      },
      {
        "title": "Execution",
        "description": "On‑site management & technical coordination.",
        "tags": []
      },
      {
        "title": "Post‑Event Analysis",
        "description": "Evaluation, reporting & recommendations.",
        "tags": []
      }
    ]
  },
  "contentFormatsData": {
    "title": "Our Event Technology",
    "description": "Industry‑standard tools like H‑Acoustics, Martin Lighting, & Blackmagic gear. We use modern equipment to ensure performance, reliability, & quality.",
    "image": null,
    "content": [
      {
        "description": "HDL‑Acoustics sound systems",
        "src": "/entertainment/event/technology/1.svg"
      },
      {
        "description": "Dynamic Martin lighting solutions",
        "src": "/entertainment/event/technology/2.svg"
      },
      {
        "description": "4K projection & LED display walls",
        "src": "/entertainment/event/technology/3.svg"
      },
      {
        "description": "High‑resolution LED display technology",
        "src": "/entertainment/event/technology/4.svg"
      },
      {
        "description": "Blackmagic video production gear",
        "src": "/entertainment/event/technology/5.svg"
      },
      {
        "description": "ClearCom communication systems",
        "src": "/entertainment/event/technology/6.svg"
      },
      {
        "description": "Modular custom stage rigging setups",
        "src": "/entertainment/event/technology/7.svg"
      },
      {
        "description": "Streaming encoders & platforms",
        "src": "/entertainment/event/technology/8.svg"
      },
      {
        "description": "Interactive audience response tools",
        "src": "/entertainment/event/technology/9.svg"
      }
    ]
  },
  "successStoriesData": {
    "title": "Use Cases & Success Stories",
    "description": "Explore how our services adapt across industries, formats, & event scales.",
    "cards": [
      {
        "title": "Convocation Day School Real Video Project",
        "stats": [
          { "title": "95%", "subTitle": "Engaging" },
          { "title": "100%", "subTitle": "Client Satisfaction" }
        ],
        "description": "A three-day, end-to-end convocation video for a school, produced via rapid scripting/storyboarding, in-school filming, and smart use of stock footage to showcase the institution during the ceremony.",
        "link": "Read Full CaseStudy"
      }
    ]
  },
  "accordionData": {
    "title": "Frequently Asked Questions",
    "subTitle": "Answers to your top event planning questions in one place. From booking timelines to pricing & hybrid strategies, we’ve got you covered.",
    "questions": [
      {
        "question": "How far in advance should I book event production services?",
        "answer": "We recommend booking at least 4–6 weeks in advance to allow time for planning, technical setup, and coordination. For large-scale events, more lead time is ideal."
      },
      {
        "question": "How do you determine pricing?",
        "answer": "Pricing is based on factors such as event size, technical needs, location, duration, and production complexity. We provide custom quotes after understanding your exact requirements."
      },
      {
        "question": "Can you work with our existing venue or help find one?",
        "answer": "Yes. We’re experienced in working with client-selected venues or helping source the right location through our network of partners."
      },
      {
        "question": "What contingency plans do you have for technical failures?",
        "answer": "We implement redundancies for critical systems, have on-site tech support, and detailed backup procedures to ensure uninterrupted event execution."
      },
      {
        "question": "Do you do fully hybrid events?",
        "answer": "Absolutely—we support hybrid events that combine live experiences with virtual participation. Our team handles streaming, interaction, and platform integration end-to-end."
      }
    ]
  },
  "CTAData": {
    "title": "Ready to create an unforgettable event?",
    "description": "Let’s bring your vision to life with expert coordination—from creative design to flawless execution.",
    "PrimaryButtonText": null,
    "PrimaryButtonLink": null,
    "SecondaryButtonText": "Schedule a Consultation",
    "SecondaryButtonLink": "/contact"
  }
}
