{
  "heroData": {
    "title": "Cutting-Edge VFX & Animation Services",
    "subTitle": "Bringing extraordinary visions to life with precision & creativity",
    "ctaText": "Explore Our Services",
    "ctaLink": "vfx-service-offerings",
    "backgroundImage": "/path/to/your/hero-image.jpg",
    "stats": [
      {
        "subText": "Visual Quality & Integration"
      },
      {
        "subText": "Workflow & Collaboration"
      },
      {
        "subText": "Technical Precision"
      },
      {
        "subText": "Production Efficiency"
      }
    ]
  },
  "serviceOverview": {
    "title": "Service overview",
    "subTitle": "Transform your vision with professional vfx & animation",
    "description": "Our VFX & animation team delivers stunning visual elements that elevate your project from ordinary to extraordinary. With expertise spanning film, advertising, and digital media, we provide end-to-end visual effects solutions tailored to your creative vision & technical requirements.",
    "feature": "From subtle enhancements to complex digital environments, our industry veterans bring technical precision & artistic excellence to every frame, ensuring seamless integration & maximum visual impact.",
    "images": [
      {
        "src": "/entertainment/vfx/1 VFX.webp",
        "alt": "Podcast production setup with microphones and mixer"
      },
      {
        "src": "/entertainment/vfx/2 VFX.webp",
        "alt": "Voice-over recording in professional studio"
      },
      {
        "src": "/entertainment/vfx/3 VFX.webp",
        "alt": "Sound engineer working with audio mixing software"
      }
    ]
  },
  "serviceOfferingsData": {
    "title": "Our Service Offerings",
    "description": "Transform your vision with professional VFX & animation. Our team delivers end-to-end solutions across film, television, advertising, & digital media to elevate your project.",
    "tag": "Entertainment Services",
    "cards": [
      {
        "title": "Rotoscoping services",
        "subTitle": "",
        "description": "Frame-by-frame precision to isolate & manipulate elements for seamless compositing.",
        "featured": true,
        "icon": "/entertainment/vfx/offering"
      },
      {
        "title": "Compositing & CG Integration",
        "subTitle": "",
        "description": "Blending computer-generated elements with live-action footage for realistic quality.",
        "featured": false,
        "icon": "/entertainment/vfx/offering"
      },
      {
        "title": "Motion graphics & Particle effects",
        "subTitle": "",
        "description": "Dynamic visual elements enhancing storytelling & brand consistency.",
        "featured": false,
        "icon": "/entertainment/vfx/offering"
      },
      {
        "title": "VFX pipeline consulting & on-set supervision",
        "subTitle": "",
        "description": "Expert guidance for optimizing VFX workflow & on-set capture.",
        "featured": false,
        "icon": "/entertainment/vfx/offering"
      }
    ]
  },
  "methodologyData": {
    "title": "Our VFX Process",
    "subTitle": "Our streamlined VFX process guarantees smooth production, from consultation to final delivery.",
    "list": [
      {
        "title": "Consultation & Planning",
        "description": "Understanding your vision & planning optimal approach.",
        "tags": []
      },
      {
        "title": "Production & Capture",
        "description": "Collecting necessary footage & technical data.",
        "tags": []
      },
      {
        "title": "Creation & Integration",
        "description": "Developing VFX elements & integrating with source media.",
        "tags": []
      },
      {
        "title": "Refinement & Approval",
        "description": "Collaborative review process with revisions as needed.",
        "tags": []
      },
      {
        "title": "Final Delivery",
        "description": "Outputting in required formats with quality assurance.",
        "tags": []
      }
    ]
  },
  "contentFormatsData": {
    "title": "Our Technology Stack",
    "description": "We rely on the best industry tools to craft exceptional VFX, ensuring precision & quality at every stage of production.",
    "image": null,
    "content": [
      {
        "description": "After Effects",
        "src": "/entertainment/vfx/techstack/1.svg"
      },
      {
        "description": "Adobe Photoshop",
        "src": "/entertainment/vfx/techstack/2.svg"
      },
      {
        "description": "Nuke",
        "src": "/entertainment/vfx/techstack/3.svg"
      },
      {
        "description": "Cinema 4D",
        "src": "/entertainment/vfx/techstack/4.svg"
      },
      {
        "description": "Houdini",
        "src": "/entertainment/vfx/techstack/5.svg"
      },
      {
        "description": "Mocha Pro",
        "src": "/entertainment/vfx/techstack/6.svg"
      },
      {
        "description": "Blender",
        "src": "/entertainment/vfx/techstack/7.svg"
      },
      {
        "description": "DaVinci Resolve",
        "src": "/entertainment/vfx/techstack/8.svg"
      },
      {
        "description": "Custom rendering pipeline",
        "src": "/entertainment/vfx/techstack/9.svg"
      }
    ]
  },
  "successStoriesData": {
    "title": "Use Cases & Success Stories",
    "description": "Explore case studies that demonstrate how we enhance visual storytelling, integrate cutting-edge effects, & elevate the overall cinematic experience across entertainment platforms.",
    "cards": [
      {
        "title": "Bringing a Murder Mystery Scene to Life",
        "stats": [
          {
            "title": "70%",
            "subTitle": "Innovation"
          },
          {
            "title": "0 bugs",
            "subTitle": "Final Delivery"
          }
        ],
        "description": "We composited client-provided murder footage onto a moving phone screen using Mocha AE planar tracking, matching motion, angle, and lighting for a realistic “video-on-phone” effect—shot with a green screen and replaced in post.",
        "link": "Read Full CaseStudy"
      },
      {
        "title": "Quality Month: Video Animation",
        "stats": [
          {
            "title": "On time",
            "subTitle": "Delivery"
          },
          {
            "title": "100%",
            "subTitle": "In-house Dubbing"
          }
        ],
        "description": "A culturally resonant animated VSB series for an automotive company’s Quality Month, told in a Panchayat-style narrative with custom Kannada voiceovers to mirror employees and values.",
        "link": "Read Full CaseStudy"
      }
    ]
  },
  "accordionData": {
    "title": "Frequently Asked Questions",
    "subTitle": "Find quick guidance on pricing, timelines, equipment needs, remote recording, & distribution support.",
    "questions": [
      {
        "question": "How much does professional podcast production cost?",
        "answer": "Costs vary based on project scope & complexity. Simple edits have lower rates, while full production—editing, mixing & direction—are quoted based on deliverables. Contact us for a custom estimate."
      },
      {
        "question": "What equipment do I need to record a professional podcast?",
        "answer": "We provide studio-grade equipment during sessions. For remote setups, we recommend a quality mic, pop filter, and a quiet, treated room. We guide remote guest setups as needed."
      },
      {
        "question": "How long does it take to produce a podcast episode?",
        "answer": "Turnaround depends on length and complexity. Typically, a 30‑minute episode takes 2–5 business days from recording through revisions and final delivery."
      },
      {
        "question": "Can you help distribute my podcast to platforms like Spotify & Apple Podcasts?",
        "answer": "Yes—we assist with distribution, formatting, metadata, and uploading to all major platforms for smooth publishing."
      },
      {
        "question": "Do you offer remote recording options for podcast guests?",
        "answer": "Absolutely—we support remote guest recording via high-quality virtual tools while our engineers ensure optimal audio capture and support throughout."
      }
    ]
  },
  "CTAData": {
    "title": "Ready to create a professional audio content?",
    "description": "Let’s discuss your project. Whether launching a podcast or requiring sound design, our team is ready to deliver results.",
    "PrimaryButtonText": null,
    "PrimaryButtonLink": null,
    "SecondaryButtonText": "Schedule a Consultation",
    "SecondaryButtonLink": "/contact"
  }
}
